INSERT INTO role (id, name, role_group_bn, role_group_en, role_text_bn, role_text_en) VALUES (1119, 'LEAVE_MARINE_APPROVED', 'লিভ ম্যানেজমেন্ট মেরিন কর্মধারা', 'Leave Management Marine Workflow ', 'লিভ ম্যানেজমেন্ট মেরিন অনুমোদন', 'Leave Management Marine Approved');
INSERT INTO role (id, name, role_group_bn, role_group_en, role_text_bn, role_text_en) VALUES (1120, 'LEAVE_MARINE_REJECT', 'লিভ ম্যানেজমেন্ট মেরিন কর্মধারা', 'Leave Management Marine Workflow ', 'লিভ ম্যানেজমেন্ট মেরিন বাতিল', 'Leave Management Marine Reject');
INSERT INTO role (id, name, role_group_bn, role_group_en, role_text_bn, role_text_en) VALUES (1121, 'LEAVE_MARINE_VIEW', 'লিভ ম্যানেজমেন্ট মেরিন কর্মধারা', 'Leave Management Marine Workflow ', 'লিভ ম্যানেজমেন্ট মেরিন ভিউ', 'Leave Management Marine View');
INSERT INTO role (id, name, role_group_bn, role_group_en, role_text_bn, role_text_en) VALUES (1122, 'LEAVE_HEAD_OFFICE_APPROVED', 'লিভ ম্যানেজমেন্ট হেড অফিস কর্মধারা', 'Leave Management Head Office Workflow ', 'লিভ ম্যানেজমেন্ট হেড অফিস অনুমোদন', 'Leave Management Head Office Approved');
INSERT INTO role (id, name, role_group_bn, role_group_en, role_text_bn, role_text_en) VALUES (1123, 'LEAVE_HEAD_OFFICE_REJECT', 'লিভ ম্যানেজমেন্ট হেড অফিস কর্মধারা', 'Leave Management Head Office Workflow ', 'লিভ ম্যানেজমেন্ট হেড অফিস বাতিল', 'Leave Management Head Office Reject');
INSERT INTO role (id, name, role_group_bn, role_group_en, role_text_bn, role_text_en) VALUES (1124, 'LEAVE_HEAD_OFFICE_VIEW', 'লিভ ম্যানেজমেন্ট হেড অফিস কর্মধারা', 'Leave Management Head Office Workflow ', 'লিভ ম্যানেজমেন্ট হেড অফিস ভিউ', 'Leave Management Head Office View');
INSERT INTO role (id, name, role_group_bn, role_group_en, role_text_bn, role_text_en) VALUES (1125, 'LEAVE_ROAD_HIGHWAY_APPROVED', 'লিভ ম্যানেজমেন্ট রোড হাইওয়ে কর্মধারা', 'Leave Management Road Highway Workflow ', 'লিভ ম্যানেজমেন্ট রোড হাইওয়ে অনুমোদন', 'Leave Management Road Highway Approved');
INSERT INTO role (id, name, role_group_bn, role_group_en, role_text_bn, role_text_en) VALUES (1126, 'LEAVE_ROAD_HIGHWAY_REJECT', 'লিভ ম্যানেজমেন্ট রোড হাইওয়ে কর্মধারা', 'Leave Management Road Highway Workflow ', 'লিভ ম্যানেজমেন্ট রোড হাইওয়ে বাতিল', 'Leave Management Road Highway Reject');
INSERT INTO role (id, name, role_group_bn, role_group_en, role_text_bn, role_text_en) VALUES (1127, 'LEAVE_ROAD_HIGHWAY_VIEW', 'লিভ ম্যানেজমেন্ট রোড হাইওয়ে কর্মধারা', 'Leave Management Road Highway Workflow ', 'লিভ ম্যানেজমেন্ট রোড হাইওয়ে ভিউ', 'Leave Management Road Highway View');

INSERT INTO user_level_role (user_level_id, role_id) VALUES (5, 128);
INSERT INTO user_level_role (user_level_id, role_id) VALUES (5, 129);
INSERT INTO user_level_role (user_level_id, role_id) VALUES (5, 130);
INSERT INTO user_level_role (user_level_id, role_id) VALUES (5, 133);
INSERT INTO user_level_role (user_level_id, role_id) VALUES (5, 140);
INSERT INTO user_level_role (user_level_id, role_id) VALUES (5, 141);
INSERT INTO user_level_role (user_level_id, role_id) VALUES (5, 142);
INSERT INTO user_level_role (user_level_id, role_id) VALUES (5, 149);
INSERT INTO user_level_role (user_level_id, role_id) VALUES (5, 202);
INSERT INTO user_level_role (user_level_id, role_id) VALUES (5, 210);
INSERT INTO user_level_role (user_level_id, role_id) VALUES (5, 1121);
INSERT INTO user_level_role (user_level_id, role_id) VALUES (5, 1124);
INSERT INTO user_level_role (user_level_id, role_id) VALUES (5, 1127);
INSERT INTO user_level_role (user_level_id, role_id) VALUES (5, 1129);
INSERT INTO user_level_role (user_level_id, role_id) VALUES (6, 129);
INSERT INTO user_level_role (user_level_id, role_id) VALUES (6, 130);
INSERT INTO user_level_role (user_level_id, role_id) VALUES (6, 133);
INSERT INTO user_level_role (user_level_id, role_id) VALUES (6, 141);
INSERT INTO user_level_role (user_level_id, role_id) VALUES (6, 142);
INSERT INTO user_level_role (user_level_id, role_id) VALUES (6, 149);
INSERT INTO user_level_role (user_level_id, role_id) VALUES (6, 202);
INSERT INTO user_level_role (user_level_id, role_id) VALUES (6, 210);
INSERT INTO user_level_role (user_level_id, role_id) VALUES (6, 1121);
INSERT INTO user_level_role (user_level_id, role_id) VALUES (6, 1124);
INSERT INTO user_level_role (user_level_id, role_id) VALUES (6, 1127);
INSERT INTO user_level_role (user_level_id, role_id) VALUES (6, 1129);
INSERT INTO user_level_role (user_level_id, role_id) VALUES (7, 131);
INSERT INTO user_level_role (user_level_id, role_id) VALUES (7, 132);
INSERT INTO user_level_role (user_level_id, role_id) VALUES (7, 133);
INSERT INTO user_level_role (user_level_id, role_id) VALUES (7, 143);
INSERT INTO user_level_role (user_level_id, role_id) VALUES (7, 144);
INSERT INTO user_level_role (user_level_id, role_id) VALUES (7, 149);
INSERT INTO user_level_role (user_level_id, role_id) VALUES (7, 202);
INSERT INTO user_level_role (user_level_id, role_id) VALUES (7, 210);
INSERT INTO user_level_role (user_level_id, role_id) VALUES (7, 1121);
INSERT INTO user_level_role (user_level_id, role_id) VALUES (7, 1122);
INSERT INTO user_level_role (user_level_id, role_id) VALUES (7, 1123);
INSERT INTO user_level_role (user_level_id, role_id) VALUES (7, 1124);
INSERT INTO user_level_role (user_level_id, role_id) VALUES (7, 1127);
INSERT INTO user_level_role (user_level_id, role_id) VALUES (7, 1129);
INSERT INTO user_level_role (user_level_id, role_id) VALUES (8, 130);
INSERT INTO user_level_role (user_level_id, role_id) VALUES (8, 133);
INSERT INTO user_level_role (user_level_id, role_id) VALUES (8, 142);
INSERT INTO user_level_role (user_level_id, role_id) VALUES (8, 149);
INSERT INTO user_level_role (user_level_id, role_id) VALUES (8, 202);
INSERT INTO user_level_role (user_level_id, role_id) VALUES (8, 210);
INSERT INTO user_level_role (user_level_id, role_id) VALUES (8, 1119);
INSERT INTO user_level_role (user_level_id, role_id) VALUES (8, 1120);
INSERT INTO user_level_role (user_level_id, role_id) VALUES (8, 1121);
INSERT INTO user_level_role (user_level_id, role_id) VALUES (8, 1124);
INSERT INTO user_level_role (user_level_id, role_id) VALUES (8, 1125);
INSERT INTO user_level_role (user_level_id, role_id) VALUES (8, 1126);
INSERT INTO user_level_role (user_level_id, role_id) VALUES (8, 1127);
INSERT INTO user_level_role (user_level_id, role_id) VALUES (8, 1129);
INSERT INTO user_level_role (user_level_id, role_id) VALUES (9, 133);
INSERT INTO user_level_role (user_level_id, role_id) VALUES (9, 136);
INSERT INTO user_level_role (user_level_id, role_id) VALUES (9, 137);
INSERT INTO user_level_role (user_level_id, role_id) VALUES (9, 147);
INSERT INTO user_level_role (user_level_id, role_id) VALUES (9, 148);
INSERT INTO user_level_role (user_level_id, role_id) VALUES (9, 149);
INSERT INTO user_level_role (user_level_id, role_id) VALUES (9, 202);
INSERT INTO user_level_role (user_level_id, role_id) VALUES (9, 210);
INSERT INTO user_level_role (user_level_id, role_id) VALUES (9, 1121);
INSERT INTO user_level_role (user_level_id, role_id) VALUES (9, 1124);
INSERT INTO user_level_role (user_level_id, role_id) VALUES (9, 1127);
INSERT INTO user_level_role (user_level_id, role_id) VALUES (9, 1129);
INSERT INTO user_level_role (user_level_id, role_id) VALUES (10, 200);
INSERT INTO user_level_role (user_level_id, role_id) VALUES (10, 201);
INSERT INTO user_level_role (user_level_id, role_id) VALUES (10, 211);
INSERT INTO user_level_role (user_level_id, role_id) VALUES (10, 212);
INSERT INTO user_level_role (user_level_id, role_id) VALUES (10, 520);
INSERT INTO user_level_role (user_level_id, role_id) VALUES (10, 522);
INSERT INTO user_level_role (user_level_id, role_id) VALUES (10, 1117);
INSERT INTO user_level_role (user_level_id, role_id) VALUES (10, 1118);
INSERT INTO user_level_role (user_level_id, role_id) VALUES (10, 1128);
INSERT INTO user_level_role (user_level_id, role_id) VALUES (11, 1);
INSERT INTO user_level_role (user_level_id, role_id) VALUES (11, 100);
INSERT INTO user_level_role (user_level_id, role_id) VALUES (11, 110);
INSERT INTO user_level_role (user_level_id, role_id) VALUES (11, 111);
INSERT INTO user_level_role (user_level_id, role_id) VALUES (11, 112);
INSERT INTO user_level_role (user_level_id, role_id) VALUES (11, 113);
INSERT INTO user_level_role (user_level_id, role_id) VALUES (11, 114);
INSERT INTO user_level_role (user_level_id, role_id) VALUES (11, 115);
INSERT INTO user_level_role (user_level_id, role_id) VALUES (11, 116);
INSERT INTO user_level_role (user_level_id, role_id) VALUES (11, 117);
INSERT INTO user_level_role (user_level_id, role_id) VALUES (11, 118);
INSERT INTO user_level_role (user_level_id, role_id) VALUES (11, 119);
INSERT INTO user_level_role (user_level_id, role_id) VALUES (11, 120);
INSERT INTO user_level_role (user_level_id, role_id) VALUES (11, 121);
INSERT INTO user_level_role (user_level_id, role_id) VALUES (11, 122);
INSERT INTO user_level_role (user_level_id, role_id) VALUES (11, 123);
INSERT INTO user_level_role (user_level_id, role_id) VALUES (11, 124);
INSERT INTO user_level_role (user_level_id, role_id) VALUES (11, 125);
INSERT INTO user_level_role (user_level_id, role_id) VALUES (11, 126);
INSERT INTO user_level_role (user_level_id, role_id) VALUES (11, 127);
INSERT INTO user_level_role (user_level_id, role_id) VALUES (11, 133);
INSERT INTO user_level_role (user_level_id, role_id) VALUES (11, 134);
INSERT INTO user_level_role (user_level_id, role_id) VALUES (11, 135);
INSERT INTO user_level_role (user_level_id, role_id) VALUES (11, 138);
INSERT INTO user_level_role (user_level_id, role_id) VALUES (11, 139);
INSERT INTO user_level_role (user_level_id, role_id) VALUES (11, 145);
INSERT INTO user_level_role (user_level_id, role_id) VALUES (11, 146);
INSERT INTO user_level_role (user_level_id, role_id) VALUES (11, 149);
INSERT INTO user_level_role (user_level_id, role_id) VALUES (11, 520);
INSERT INTO user_level_role (user_level_id, role_id) VALUES (11, 521);
INSERT INTO user_level_role (user_level_id, role_id) VALUES (11, 522);
INSERT INTO user_level_role (user_level_id, role_id) VALUES (11, 1111);
INSERT INTO user_level_role (user_level_id, role_id) VALUES (11, 1112);
INSERT INTO user_level_role (user_level_id, role_id) VALUES (11, 1113);
INSERT INTO user_level_role (user_level_id, role_id) VALUES (11, 1114);
INSERT INTO user_level_role (user_level_id, role_id) VALUES (11, 1115);
INSERT INTO user_level_role (user_level_id, role_id) VALUES (11, 1116);
INSERT INTO user_level_role (user_level_id, role_id) VALUES (11, 1117);
INSERT INTO user_level_role (user_level_id, role_id) VALUES (11, 1118);
INSERT INTO user_level_role (user_level_id, role_id) VALUES (11, 1121);
INSERT INTO user_level_role (user_level_id, role_id) VALUES (11, 1124);
INSERT INTO user_level_role (user_level_id, role_id) VALUES (11, 1127);
INSERT INTO user_level_role (user_level_id, role_id) VALUES (11, 1128);
INSERT INTO user_level_role (user_level_id, role_id) VALUES (11, 1129);

INSERT INTO state (id, description, name, name_en, state_type) VALUES (18, 'Applied for LEAVE Marine', 'এপ্লাইড', 'Applied', 0);
INSERT INTO state (id, description, name, name_en, state_type) VALUES (19, 'Approved for LEAVE Marine', 'অনুমোদিত', 'Approved', 1);
INSERT INTO state (id, description, name, name_en, state_type) VALUES (20, 'Rejected for LEAVE Marine', 'বাতিল', 'Rejected', 2);
INSERT INTO state (id, description, name, name_en, state_type) VALUES (21, 'Applied for LEAVE Head Office', 'এপ্লাইড', 'Applied', 0);
INSERT INTO state (id, description, name, name_en, state_type) VALUES (22, 'Approved for LEAVE Head Office', 'অনুমোদিত', 'Approved', 1);
INSERT INTO state (id, description, name, name_en, state_type) VALUES (23, 'Rejected for LEAVE Head Office', 'বাতিল', 'Rejected', 2);
INSERT INTO state (id, description, name, name_en, state_type) VALUES (24, 'Applied for LEAVE Road And Highway', 'এপ্লাইড', 'Applied', 0);
INSERT INTO state (id, description, name, name_en, state_type) VALUES (25, 'Approved for LEAVE Road And Highway', 'অনুমোদিত', 'Approved', 1);
INSERT INTO state (id, description, name, name_en, state_type) VALUES (26, 'Rejected for LEAVE Road And Highway', 'বাতিল', 'Rejected', 2);


INSERT INTO action (id, name, name_en) VALUES (18, 'অনুমোদন দিন', 'Approve');
INSERT INTO action (id, name, name_en) VALUES (19, 'বাতিল করুন', 'Reject');
INSERT INTO action (id, name, name_en) VALUES (20, 'অনুমোদন দিন', 'Approve');
INSERT INTO action (id, name, name_en) VALUES (21, 'বাতিল করুন', 'Reject');
INSERT INTO action (id, name, name_en) VALUES (22, 'অনুমোদন দিন', 'Approve');
INSERT INTO action (id, name, name_en) VALUES (23, 'বাতিল করুন', 'Reject');

INSERT INTO state_action_map (id, role_id, view_only, action_id, next_state_id, state_id) VALUES (43, 1119, false, 18, 19, 18);
INSERT INTO state_action_map (id, role_id, view_only, action_id, next_state_id, state_id) VALUES (44, 1120, false, 19, 20, 18);
INSERT INTO state_action_map (id, role_id, view_only, action_id, next_state_id, state_id) VALUES (45, 1121, true, 7, 19, 19);
INSERT INTO state_action_map (id, role_id, view_only, action_id, next_state_id, state_id) VALUES (46, 1121, true, 7, 20, 20);
INSERT INTO state_action_map (id, role_id, view_only, action_id, next_state_id, state_id) VALUES (47, 1122, false, 20, 22, 21);
INSERT INTO state_action_map (id, role_id, view_only, action_id, next_state_id, state_id) VALUES (48, 1123, false, 21, 23, 21);
INSERT INTO state_action_map (id, role_id, view_only, action_id, next_state_id, state_id) VALUES (49, 1124, true, 7, 22, 22);
INSERT INTO state_action_map (id, role_id, view_only, action_id, next_state_id, state_id) VALUES (50, 1124, true, 7, 23, 23);
INSERT INTO state_action_map (id, role_id, view_only, action_id, next_state_id, state_id) VALUES (51, 1125, false, 22, 25, 24);
INSERT INTO state_action_map (id, role_id, view_only, action_id, next_state_id, state_id) VALUES (52, 1126, false, 23, 26, 24);
INSERT INTO state_action_map (id, role_id, view_only, action_id, next_state_id, state_id) VALUES (53, 1127, true, 7, 25, 25);
INSERT INTO state_action_map (id, role_id, view_only, action_id, next_state_id, state_id) VALUES (54, 1127, true, 7, 26, 26);

INSERT INTO user_level_role (user_level_id, role_id) VALUES (2, 1119);
INSERT INTO user_level_role (user_level_id, role_id) VALUES (2, 1120);
INSERT INTO user_level_role (user_level_id, role_id) VALUES (2, 1121);
INSERT INTO user_level_role (user_level_id, role_id) VALUES (2, 1122);
INSERT INTO user_level_role (user_level_id, role_id) VALUES (2, 1123);
INSERT INTO user_level_role (user_level_id, role_id) VALUES (2, 1124);
INSERT INTO user_level_role (user_level_id, role_id) VALUES (2, 1125);
INSERT INTO user_level_role (user_level_id, role_id) VALUES (2, 1126);
INSERT INTO user_level_role (user_level_id, role_id) VALUES (2, 1127);