INSERT INTO designation (id, created_at, created_by, is_deleted, modified_at, modified_by, name_bn, name_en, parent_id, user_level_id) VALUES (1, '2021-08-24 12:46:07.000000', 1, false, '2021-08-24 12:46:07.000000', 1, 'এডমিন', 'ADMIN', null, 2);
INSERT INTO designation (id, created_at, created_by, is_deleted, modified_at, modified_by, name_bn, name_en, parent_id, user_level_id) VALUES (2, '2021-09-02 15:37:10.000000', 1, false, '2021-09-02 15:37:10.000000', 1, 'ডিডি', 'DD', null, 6);
INSERT INTO designation (id, created_at, created_by, is_deleted, modified_at, modified_by, name_bn, name_en, parent_id, user_level_id) VALUES (3, '2021-09-02 15:37:36.000000', 1, false, '2021-09-02 15:37:36.000000', 1, 'কমিশনার', 'Commissioner', null, 7);
INSERT INTO designation (id, created_at, created_by, is_deleted, modified_at, modified_by, name_bn, name_en, parent_id, user_level_id) VALUES (4, '2021-09-02 15:38:06.000000', 1, false, '2021-09-02 15:38:06.000000', 1, 'ডিরেক্টর', 'Director', null, 8);
INSERT INTO designation (id, created_at, created_by, is_deleted, modified_at, modified_by, name_bn, name_en, parent_id, user_level_id) VALUES (5, '2021-09-02 15:38:41.000000', 1, false, '2021-09-02 15:38:41.000000', 1, 'মেকানিক ইনচার্জ', 'Mechanic Incharge', null, 9);
INSERT INTO designation (id, created_at, created_by, is_deleted, modified_at, modified_by, name_bn, name_en, parent_id, user_level_id) VALUES (6, '2021-09-02 15:39:04.000000', 1, false, '2021-09-02 15:39:04.000000', 1, 'আপার ডিভিশন অফিসার', 'Upper Division Officer', null, 11);
INSERT INTO designation (id, created_at, created_by, is_deleted, modified_at, modified_by, name_bn, name_en, parent_id, user_level_id) VALUES (7, '2021-09-06 15:53:55.000000', 1, false, '2021-09-06 15:53:55.000000', 1, 'এডমিন', 'Admin', null, 2);

INSERT INTO employee (id, created_at, created_by, is_deleted, modified_at, modified_by, achievements, actual_salary_of_join, additional_increment_number_of_join, appointment_date, appointment_order, attendance_and_leave_info, blood_group, comments, current_actual_salary, current_additional_increment_number, current_grade, current_initial_grade_salary, current_step, date_of_birth, email, employee_doc_group_id, employee_id, father_name, gender, initial_grade_salary_of_join, job_type, joining_date, joining_designation, joining_grade, marital_status, mobile_number, mother_name, name, name_en, nid, number_of_children, office_ministry, passport_number, password, password_again, permanent_address, permanent_date, personal_id, present_address, promotion_info, quota, reporting_manager, retirement_date, step_of_join, transfer_info, designation_id) VALUES (1, '2021-08-16 12:58:32.000000', null, false, '2021-09-02 15:16:05.000000', 1, '', null, null, '2021-07-27', 'dgdsfg', '', null, '', null, null, 0, null, '', '2013-08-16', 'alam.cse09@gmail.com', 52, '345', 'MD Abdul Karim', 1, null, 0, '2021-08-02', 'fdg', 0, 1, '01773302110', 'fgd', 'H M A ALAM', 'H M A ALAM', '', null, 'sdfg', '', null, null, '', null, '4534', '', '', 0, 'dfg', null, '', '', 1);
INSERT INTO employee (id, created_at, created_by, is_deleted, modified_at, modified_by, achievements, actual_salary_of_join, additional_increment_number_of_join, appointment_date, appointment_order, attendance_and_leave_info, blood_group, comments, current_actual_salary, current_additional_increment_number, current_grade, current_initial_grade_salary, current_step, date_of_birth, email, employee_doc_group_id, employee_id, father_name, gender, initial_grade_salary_of_join, job_type, joining_date, joining_designation, joining_grade, marital_status, mobile_number, mother_name, name, name_en, nid, number_of_children, office_ministry, passport_number, password, password_again, permanent_address, permanent_date, personal_id, present_address, promotion_info, quota, reporting_manager, retirement_date, step_of_join, transfer_info, designation_id) VALUES (2, '2021-09-04 11:36:54.000000', 1, false, '2021-09-04 11:36:54.000000', 1, '', null, null, '2021-08-31', 'fdfg', '', 4, '', null, null, 0, null, '', '1987-01-01', 'udo@gmail.com', 403, '12345', 'Hafizur Rahman', 0, null, 0, '2021-08-30', 'dfg', 0, 0, '01450225698', 'Alia khaturn', 'Hasan', null, '9575258414', 1, 'dfg', '', null, null, 'chuadanga', '2021-08-30', '12345', 'Dhaka', '', 0, 'dfg', null, '', '', 6);
INSERT INTO employee (id, created_at, created_by, is_deleted, modified_at, modified_by, achievements, actual_salary_of_join, additional_increment_number_of_join, appointment_date, appointment_order, attendance_and_leave_info, blood_group, comments, current_actual_salary, current_additional_increment_number, current_grade, current_initial_grade_salary, current_step, date_of_birth, email, employee_doc_group_id, employee_id, father_name, gender, initial_grade_salary_of_join, job_type, joining_date, joining_designation, joining_grade, marital_status, mobile_number, mother_name, name, name_en, nid, number_of_children, office_ministry, passport_number, password, password_again, permanent_address, permanent_date, personal_id, present_address, promotion_info, quota, reporting_manager, retirement_date, step_of_join, transfer_info, designation_id) VALUES (3, '2021-09-04 11:38:56.000000', 1, false, '2021-09-04 11:38:56.000000', 1, '', null, null, '2021-09-01', 'fdfg', '', 2, '', null, null, 0, null, '', '1994-02-02', 'mi@gmail.com', 404, '123456', 'Mizan', 0, null, 0, '2021-09-02', 'dfg', 0, 1, '01520665956', 'Hira khatun', 'Abdullah', null, '8250531947', 0, 'dfg', '', null, null, 'chuadanga', null, '123456', 'Dhaka', '', null, 'dfg', null, '', '', 5);
INSERT INTO employee (id, created_at, created_by, is_deleted, modified_at, modified_by, achievements, actual_salary_of_join, additional_increment_number_of_join, appointment_date, appointment_order, attendance_and_leave_info, blood_group, comments, current_actual_salary, current_additional_increment_number, current_grade, current_initial_grade_salary, current_step, date_of_birth, email, employee_doc_group_id, employee_id, father_name, gender, initial_grade_salary_of_join, job_type, joining_date, joining_designation, joining_grade, marital_status, mobile_number, mother_name, name, name_en, nid, number_of_children, office_ministry, passport_number, password, password_again, permanent_address, permanent_date, personal_id, present_address, promotion_info, quota, reporting_manager, retirement_date, step_of_join, transfer_info, designation_id) VALUES (4, '2021-09-04 11:41:26.000000', 1, false, '2021-09-04 11:41:26.000000', 1, '', null, null, '2021-08-31', 'fdfg', '', 0, '', null, null, 0, null, '', '1991-02-25', 'dir@gmail.com', 405, '1234567', 'Mizan', 0, null, 0, '2021-10-01', 'dfg', 0, 0, '01520112562', 'Hira khatun', 'Masum Al Mamun', null, '7800545399', 0, 'dfg', '423424', null, null, 'chuadanga', null, '1234567', 'Dhaka', '', null, 'dfg', null, '', '', 4);
INSERT INTO employee (id, created_at, created_by, is_deleted, modified_at, modified_by, achievements, actual_salary_of_join, additional_increment_number_of_join, appointment_date, appointment_order, attendance_and_leave_info, blood_group, comments, current_actual_salary, current_additional_increment_number, current_grade, current_initial_grade_salary, current_step, date_of_birth, email, employee_doc_group_id, employee_id, father_name, gender, initial_grade_salary_of_join, job_type, joining_date, joining_designation, joining_grade, marital_status, mobile_number, mother_name, name, name_en, nid, number_of_children, office_ministry, passport_number, password, password_again, permanent_address, permanent_date, personal_id, present_address, promotion_info, quota, reporting_manager, retirement_date, step_of_join, transfer_info, designation_id) VALUES (5, '2021-09-04 11:44:14.000000', 1, false, '2021-09-04 11:44:14.000000', 1, '', null, null, '2021-09-07', 'fdfg', '', 2, '', null, null, 0, null, '', '1980-02-28', 'com@gmail.com', 406, '32145', 'Kamrul', 0, null, 0, '2021-09-16', 'dfg', 0, 0, '01750889595', 'Alia khaturn', 'Khalid Saifullah', null, '9575258414', null, 'dfg', '', null, null, 'chuadanga', null, '32145', '', '', null, 'dfg', null, '', '', 3);
INSERT INTO employee (id, created_at, created_by, is_deleted, modified_at, modified_by, achievements, actual_salary_of_join, additional_increment_number_of_join, appointment_date, appointment_order, attendance_and_leave_info, blood_group, comments, current_actual_salary, current_additional_increment_number, current_grade, current_initial_grade_salary, current_step, date_of_birth, email, employee_doc_group_id, employee_id, father_name, gender, initial_grade_salary_of_join, job_type, joining_date, joining_designation, joining_grade, marital_status, mobile_number, mother_name, name, name_en, nid, number_of_children, office_ministry, passport_number, password, password_again, permanent_address, permanent_date, personal_id, present_address, promotion_info, quota, reporting_manager, retirement_date, step_of_join, transfer_info, designation_id) VALUES (6, '2021-09-04 11:45:51.000000', 1, false, '2021-09-04 11:45:51.000000', 1, '', null, null, '2021-08-31', 'fdfg', '', 2, '', null, null, 0, null, '', '1981-03-05', 'dd@gmail.com', 407, '541235', 'Motiur', 0, null, 0, '2021-08-31', 'dfg', 0, 0, '01520665956', 'Hira khatun', 'Babar Islam', null, '8250531947', null, 'dfg', '', null, null, 'chuadanga', null, '541235', 'Dhaka', '', null, 'dfg', null, '', '', 2);
INSERT INTO employee (id, created_at, created_by, is_deleted, modified_at, modified_by, achievements, actual_salary_of_join, additional_increment_number_of_join, appointment_date, appointment_order, attendance_and_leave_info, blood_group, comments, current_actual_salary, current_additional_increment_number, current_grade, current_initial_grade_salary, current_step, date_of_birth, email, employee_doc_group_id, employee_id, father_name, gender, initial_grade_salary_of_join, job_type, joining_date, joining_designation, joining_grade, marital_status, mobile_number, mother_name, name, name_en, nid, number_of_children, office_ministry, passport_number, password, password_again, permanent_address, permanent_date, personal_id, present_address, promotion_info, quota, reporting_manager, retirement_date, step_of_join, transfer_info, designation_id) VALUES (7, '2021-09-04 11:47:24.000000', 1, false, '2021-09-04 11:47:24.000000', 1, '', null, null, '2021-08-31', 'fdfg', '', 4, '', null, null, 0, null, '', '1980-07-09', 'ad@gmail.com', 408, '65465', 'Kamrul', 0, null, 0, '2021-09-01', 'dfg', 0, 0, '01750889595', 'Jakia', 'Amir Khan', null, '9575258414', null, 'dfg', '423424', null, null, 'chuadanga', null, '65465', 'Dhaka', '', 0, 'dfg', null, '', 'dfg', 1);
INSERT INTO employee (id, created_at, created_by, is_deleted, modified_at, modified_by, achievements, actual_salary_of_join, additional_increment_number_of_join, appointment_date, appointment_order, attendance_and_leave_info, blood_group, comments, current_actual_salary, current_additional_increment_number, current_grade, current_initial_grade_salary, current_step, date_of_birth, email, employee_doc_group_id, employee_id, father_name, gender, initial_grade_salary_of_join, job_type, joining_date, joining_designation, joining_grade, marital_status, mobile_number, mother_name, name, name_en, nid, number_of_children, office_ministry, passport_number, password, password_again, permanent_address, permanent_date, personal_id, present_address, promotion_info, quota, reporting_manager, retirement_date, step_of_join, transfer_info, designation_id) VALUES (8, '2021-09-07 09:05:14.000000', 1, false, '2021-09-07 09:05:14.000000', 1, '', null, null, '2021-09-09', 'fdfg', '', null, '', null, null, 0, null, '', '1980-06-03', 'udo2@gmail.com', 552, '1656', 'Motiur', 0, null, 0, '2021-08-30', 'dfg', 0, 0, '', 'Jakia', 'Habib', null, '', null, 'dfg', '', null, null, 'chuadanga', null, '562561', '', '', null, 'dfg', null, '', '', 6);
INSERT INTO employee (id, created_at, created_by, is_deleted, modified_at, modified_by, achievements, actual_salary_of_join, additional_increment_number_of_join, appointment_date, appointment_order, attendance_and_leave_info, blood_group, comments, current_actual_salary, current_additional_increment_number, current_grade, current_initial_grade_salary, current_step, date_of_birth, email, employee_doc_group_id, employee_id, father_name, gender, initial_grade_salary_of_join, job_type, joining_date, joining_designation, joining_grade, marital_status, mobile_number, mother_name, name, name_en, nid, number_of_children, office_ministry, passport_number, password, password_again, permanent_address, permanent_date, personal_id, present_address, promotion_info, quota, reporting_manager, retirement_date, step_of_join, transfer_info, designation_id) VALUES (9, '2021-09-07 09:07:27.000000', 1, false, '2021-09-07 09:07:27.000000', 1, '', null, null, '2021-09-01', 'fdfg', '', null, '', null, null, 0, null, '', '1990-01-30', 'mi2@gmail.com', 553, '48998', 'Mizan', 0, null, 0, '2021-09-06', 'dfg', 0, 0, '', 'Alia khaturn', 'Kabir', null, '', null, 'dfg', '', null, null, 'dhaka', null, '98749', 'Dhaka', '', null, 'dfg', null, '', '', 5);
INSERT INTO employee (id, created_at, created_by, is_deleted, modified_at, modified_by, achievements, actual_salary_of_join, additional_increment_number_of_join, appointment_date, appointment_order, attendance_and_leave_info, blood_group, comments, current_actual_salary, current_additional_increment_number, current_grade, current_initial_grade_salary, current_step, date_of_birth, email, employee_doc_group_id, employee_id, father_name, gender, initial_grade_salary_of_join, job_type, joining_date, joining_designation, joining_grade, marital_status, mobile_number, mother_name, name, name_en, nid, number_of_children, office_ministry, passport_number, password, password_again, permanent_address, permanent_date, personal_id, present_address, promotion_info, quota, reporting_manager, retirement_date, step_of_join, transfer_info, designation_id) VALUES (10, '2021-09-07 09:08:46.000000', 1, false, '2021-09-07 09:08:46.000000', 1, '', null, null, '2021-09-08', 'fdfg', '', null, '', null, null, 0, null, '', '1990-02-06', 'dir2@gmail.com', 554, '4479', 'Hafizur Rahman', 0, null, 0, '2021-09-07', 'dfg', 0, 0, '', 'Hira khatun', 'Abdur Rahman', null, '', null, 'dfg', '', null, null, 'dhaka', null, '654964', 'Dhaka', '', null, 'dfg', null, '', '', 4);
INSERT INTO employee (id, created_at, created_by, is_deleted, modified_at, modified_by, achievements, actual_salary_of_join, additional_increment_number_of_join, appointment_date, appointment_order, attendance_and_leave_info, blood_group, comments, current_actual_salary, current_additional_increment_number, current_grade, current_initial_grade_salary, current_step, date_of_birth, email, employee_doc_group_id, employee_id, father_name, gender, initial_grade_salary_of_join, job_type, joining_date, joining_designation, joining_grade, marital_status, mobile_number, mother_name, name, name_en, nid, number_of_children, office_ministry, passport_number, password, password_again, permanent_address, permanent_date, personal_id, present_address, promotion_info, quota, reporting_manager, retirement_date, step_of_join, transfer_info, designation_id) VALUES (11, '2021-09-07 09:10:06.000000', 1, false, '2021-09-07 09:10:06.000000', 1, '', null, null, '2021-09-07', 'fdfg', '', null, '', null, null, 0, null, '', '1990-01-30', 'com2@gmail.com', 557, '152516', 'Kamrul', 0, null, 0, '2021-09-07', 'dfg', 0, 0, '', 'Hira khatun', 'Ujjal', null, '', null, 'dfg', '423424', null, null, 'dhaka', null, '615621', 'Dhaka', '', null, 'dfg', null, '', '', 3);
INSERT INTO employee (id, created_at, created_by, is_deleted, modified_at, modified_by, achievements, actual_salary_of_join, additional_increment_number_of_join, appointment_date, appointment_order, attendance_and_leave_info, blood_group, comments, current_actual_salary, current_additional_increment_number, current_grade, current_initial_grade_salary, current_step, date_of_birth, email, employee_doc_group_id, employee_id, father_name, gender, initial_grade_salary_of_join, job_type, joining_date, joining_designation, joining_grade, marital_status, mobile_number, mother_name, name, name_en, nid, number_of_children, office_ministry, passport_number, password, password_again, permanent_address, permanent_date, personal_id, present_address, promotion_info, quota, reporting_manager, retirement_date, step_of_join, transfer_info, designation_id) VALUES (12, '2021-09-07 09:11:21.000000', 1, false, '2021-09-07 09:11:21.000000', 1, '', null, null, '2021-09-08', 'fdfg', '', 1, '', null, null, 0, null, '', '1990-01-30', 'dd2@gmail.com', 558, '324534', 'Motiur', 0, null, 0, '2021-08-30', 'dfg', 0, 0, '', 'Jakia', 'Kamrul', null, '', null, 'dfg', '423424', null, null, 'dhaka', null, '675445', 'Dhaka', '', null, 'dfg', null, '', '', 2);
INSERT INTO employee (id, created_at, created_by, is_deleted, modified_at, modified_by, achievements, actual_salary_of_join, additional_increment_number_of_join, appointment_date, appointment_order, attendance_and_leave_info, blood_group, comments, current_actual_salary, current_additional_increment_number, current_grade, current_initial_grade_salary, current_step, date_of_birth, email, employee_doc_group_id, employee_id, father_name, gender, initial_grade_salary_of_join, job_type, joining_date, joining_designation, joining_grade, marital_status, mobile_number, mother_name, name, name_en, nid, number_of_children, office_ministry, passport_number, password, password_again, permanent_address, permanent_date, personal_id, present_address, promotion_info, quota, reporting_manager, retirement_date, step_of_join, transfer_info, designation_id) VALUES (13, '2021-09-07 09:12:30.000000', 1, false, '2021-09-07 09:12:30.000000', 1, '', null, null, '2021-09-01', 'fdfg', '', 1, '', null, null, 0, null, '', '1990-01-31', 'ad2@gmail.com', 559, '954165', 'Kamrul', 0, null, 0, '2021-08-30', 'dfg', 0, 0, '', 'Jakia', 'Olee', null, '', null, 'dfg', '423424', null, null, 'dhaka', null, '898111', 'Dhaka', '', null, 'dfg', null, '', '', 1);
INSERT INTO employee (id, created_at, created_by, is_deleted, modified_at, modified_by, achievements, actual_salary_of_join, additional_increment_number_of_join, appointment_date, appointment_order, attendance_and_leave_info, blood_group, comments, current_actual_salary, current_additional_increment_number, current_grade, current_initial_grade_salary, current_step, date_of_birth, email, employee_doc_group_id, employee_id, father_name, gender, initial_grade_salary_of_join, job_type, joining_date, joining_designation, joining_grade, marital_status, mobile_number, mother_name, name, name_en, nid, number_of_children, office_ministry, passport_number, password, password_again, permanent_address, permanent_date, personal_id, present_address, promotion_info, quota, reporting_manager, retirement_date, step_of_join, transfer_info, designation_id) VALUES (14, '2021-10-03 12:23:52.000000', 1, false, '2021-10-03 12:23:52.000000', 1, '', null, null, '2021-09-29', 'fdfg', '', 2, '', null, null, 0, null, '', '1994-06-14', 'mic@gmail.com', 100002, '5005', 'Kamrul', 0, null, 0, '2021-09-29', 'dfg', 0, 0, '01750889595', 'Alia khaturn', 'Mechanic Incharge', 'Mechanic Incharge', '9575258414', 1, 'dfg', '423424', null, null, 'chuadanga', null, '5005', 'Dhaka', '', null, 'dfg', null, '', 'dfg', 1);

INSERT INTO public_user_info (id, address, designation, email, employee_type, name, name_en, phone_no, service_id, workplace, address_en, designation_en, workplace_en) VALUES (1, 'ECB', 'Secretary', 'maalam@revesoft.com', null, 'আলম', 'Alam', '01773302110', '1234', 'Panisompod', null, '', null);
INSERT INTO public_user_info (id, address, designation, email, employee_type, name, name_en, phone_no, service_id, workplace, address_en, designation_en, workplace_en) VALUES (2, 'ঢাকা', 'মন্ত্রি', 'rakib@gmail.com', 5, 'রাকিব', 'Rakib', '01758056895', '4569', 'ঢাকা', 'Dhaka', 'minister', 'dhaka');
INSERT INTO public_user_info (id, address, designation, email, employee_type, name, name_en, phone_no, service_id, workplace, address_en, designation_en, workplace_en) VALUES (3, 'ঢাকা', 'সচিব', 'maruf910@gmail.com', 1, 'আলম', 'Alam', '01773302110', '123456', 'জনপ্রশাসন মন্ত্রনালয়', 'Dhaka', 'Secretary', 'MOPA');
INSERT INTO public_user_info (id, address, designation, email, employee_type, name, name_en, phone_no, service_id, workplace, address_en, designation_en, workplace_en) VALUES (4, 'Shabar', 'Cadet', 'hectic@gmail.com', 0, 'shanto', 'shanto', '01234567894', '21', 'Sabar', 'Shabar', 'Cadet', 'Sabar');
INSERT INTO public_user_info (id, address, designation, email, employee_type, name, name_en, phone_no, service_id, workplace, address_en, designation_en, workplace_en) VALUES (5, 'ঢাকা', 'মন্ত্রি', 'harun@gmail.com', 5, 'হারুন', 'Harun', '01752112562', '123654', 'ঢাকা', 'Dhaka', 'minister', 'dhaka');
INSERT INTO public_user_info (id, address, designation, email, employee_type, name, name_en, phone_no, service_id, workplace, address_en, designation_en, workplace_en) VALUES (6, 'সেগুন বাগিচা', 'প্রশাসনিক কর্মকর্তা', 'mdmizanurr579@gmail.com', 5, 'নীল রহমান', 'Neil Rahman', '01680564053', '123456789', 'পরিবহন মন্ত্রণালয়', 'Segun bagica', 'Administrative Officer', 'Paribahon Ministry');
INSERT INTO public_user_info (id, address, designation, email, employee_type, name, name_en, phone_no, service_id, workplace, address_en, designation_en, workplace_en) VALUES (7, 'ঢাকা', 'মন্ত্রী', 'aslam10@gmail.com', 3, 'আসলাম', 'Aslam', '13333333', '1243', 'ঢাকা', 'Dhaka', 'Minister', 'Dhaka');
INSERT INTO public_user_info (id, address, designation, email, employee_type, name, name_en, phone_no, service_id, workplace, address_en, designation_en, workplace_en) VALUES (8, 'ঢাকা', 'মন্ত্রি', 'abbas@gmail.com', 5, 'আব্বাস', 'Abbas', '01542665895', '1256', 'ঢাকা', 'Dhaka', 'minister', 'dhaka');

INSERT INTO user (id, created_at, created_by, is_deleted, modified_at, modified_by, is_enabled, password, user_type, username, employee_id, public_user_info_id, user_level_id, profile_pic_document_group_id, sign_document_group_id, mechanic_id) VALUES (1, null, null, false, '2021-09-02 15:16:05.000000', 1, true, '$2a$10$cqxwyqTVhdkRdgOu4T7dSuXOFwN3axWmLESGY5qRBp9B0RgCoYK3u', 0, 'alam.cse09@gmail.com', 1, null, 2, null, null, null);
INSERT INTO user (id, created_at, created_by, is_deleted, modified_at, modified_by, is_enabled, password, user_type, username, employee_id, public_user_info_id, user_level_id, profile_pic_document_group_id, sign_document_group_id, mechanic_id) VALUES (2, null, null, false, null, null, true, '$2a$10$tx2T0DG81ncd6YxVw7SVWuAvDZ7ZwrewNFbRxOJDgUecMvNLzTBPu', 1, 'maalam@revesoft.com', null, 1, 3, null, null, null);
INSERT INTO user (id, created_at, created_by, is_deleted, modified_at, modified_by, is_enabled, password, user_type, username, employee_id, public_user_info_id, user_level_id, profile_pic_document_group_id, sign_document_group_id, mechanic_id) VALUES (4, '2021-10-03 12:23:52.000000', 1, false, '2021-10-03 12:23:52.000000', 1, true, '$2a$10$GZBIzJdkXQC4vPz3eR3UPOrlWEuwGpVwn3pWdjsz9MdGQp60IBwGe', 0, 'mic@gmail.com', 2, null, 2, null, null, null);
INSERT INTO user (id, created_at, created_by, is_deleted, modified_at, modified_by, is_enabled, password, user_type, username, employee_id, public_user_info_id, user_level_id, profile_pic_document_group_id, sign_document_group_id, mechanic_id) VALUES (6, '2021-09-02 15:39:16.000000', null, false, '2021-09-02 15:39:16.000000', null, true, '$2a$10$isExHqzZKbENlLzkBIDXluFWzkt.xm5v1jN6SZzJzc6VVVu7Ef4/C', 1, 'rakib@gmail.com', null, 2, 10, null, null, null);
INSERT INTO user (id, created_at, created_by, is_deleted, modified_at, modified_by, is_enabled, password, user_type, username, employee_id, public_user_info_id, user_level_id, profile_pic_document_group_id, sign_document_group_id, mechanic_id) VALUES (7, '2021-09-02 16:07:43.000000', null, false, '2021-09-02 16:07:43.000000', null, true, '$2a$10$uUbzVFw8KNCR9PnvKBw7Putm5mCYfof0Sgzt84YcIhzz3eNKdKe.u', 1, 'maruf910@gmail.com', null, 3, 10, null, null, null);
INSERT INTO user (id, created_at, created_by, is_deleted, modified_at, modified_by, is_enabled, password, user_type, username, employee_id, public_user_info_id, user_level_id, profile_pic_document_group_id, sign_document_group_id, mechanic_id) VALUES (8, '2021-09-02 16:26:49.000000', null, false, '2021-09-02 16:26:49.000000', null, true, '$2a$10$OQB07wNB/IhY5MWI3njfnOBjsoGRk2F58kTKyo0NpaXFBaFHq6ea6', 1, 'hectic@gmail.com', null, 4, 10, null, null, null);
INSERT INTO user (id, created_at, created_by, is_deleted, modified_at, modified_by, is_enabled, password, user_type, username, employee_id, public_user_info_id, user_level_id, profile_pic_document_group_id, sign_document_group_id, mechanic_id) VALUES (9, '2021-09-04 11:36:54.000000', 1, false, '2021-09-04 11:36:54.000000', 1, true, '$2a$10$SKzkumhXxKSXiQVHfbiag.AY4InPfWfiXQ2kArnNWX8riZs2JeW7S', 0, 'udo@gmail.com', 2, null, 11, null, null, null);
INSERT INTO user (id, created_at, created_by, is_deleted, modified_at, modified_by, is_enabled, password, user_type, username, employee_id, public_user_info_id, user_level_id, profile_pic_document_group_id, sign_document_group_id, mechanic_id) VALUES (10, '2021-09-04 11:38:56.000000', 1, false, '2021-09-04 11:38:56.000000', 1, true, '$2a$10$GIVDT30LpOWlHxmK9kmZFepyAerMpfOP/Y0b9JvlHIt6GwZ7.SCtW', 0, 'mi@gmail.com', 3, null, 9, null, null, null);
INSERT INTO user (id, created_at, created_by, is_deleted, modified_at, modified_by, is_enabled, password, user_type, username, employee_id, public_user_info_id, user_level_id, profile_pic_document_group_id, sign_document_group_id, mechanic_id) VALUES (11, '2021-09-04 11:41:26.000000', 1, false, '2021-09-04 11:41:26.000000', 1, true, '$2a$10$ipSa7jtiNngsXj5xVVVAFuCEaVIQWh0UQUWLxXTYWB6Rl04J0vA7m', 0, 'dir@gmail.com', 4, null, 8, null, null, null);
INSERT INTO user (id, created_at, created_by, is_deleted, modified_at, modified_by, is_enabled, password, user_type, username, employee_id, public_user_info_id, user_level_id, profile_pic_document_group_id, sign_document_group_id, mechanic_id) VALUES (12, '2021-09-04 11:44:14.000000', 1, false, '2021-09-04 11:44:14.000000', 1, true, '$2a$10$.3Qyau3DfmzUbrCqx.fm4eiwMZM/3zcTY/PDBAErr5tOlowYTNN0W', 0, 'com@gmail.com', 5, null, 7, null, null, null);
INSERT INTO user (id, created_at, created_by, is_deleted, modified_at, modified_by, is_enabled, password, user_type, username, employee_id, public_user_info_id, user_level_id, profile_pic_document_group_id, sign_document_group_id, mechanic_id) VALUES (13, '2021-09-04 11:45:51.000000', 1, false, '2021-09-04 11:45:51.000000', 1, true, '$2a$10$EV.qtw0ZWs.wOtzSWBq0d.VkdDmZ/zat63kWUlLSI5to2TxvlYeh2', 0, 'dd@gmail.com', 6, null, 6, null, null, null);
INSERT INTO user (id, created_at, created_by, is_deleted, modified_at, modified_by, is_enabled, password, user_type, username, employee_id, public_user_info_id, user_level_id, profile_pic_document_group_id, sign_document_group_id, mechanic_id) VALUES (14, '2021-09-04 11:47:24.000000', 1, false, '2021-09-04 11:47:24.000000', 1, true, '$2a$10$0DHLa2iEhzn0q4T4XMwEzuLdfjH8L1JZn4UD7dIW9JEAgJeWYmB22', 0, 'ad@gmail.com', 7, null, 5, null, null, null);
INSERT INTO user (id, created_at, created_by, is_deleted, modified_at, modified_by, is_enabled, password, user_type, username, employee_id, public_user_info_id, user_level_id, profile_pic_document_group_id, sign_document_group_id, mechanic_id) VALUES (15, '2021-09-04 21:56:34.000000', null, false, '2021-09-04 21:56:34.000000', null, true, '$2a$10$2TXxF1K6suGcu2.dmn5NqOUkBlTMY0Y7m8rkDXi1YLzDJj4ST1v8.', 1, 'harun@gmail.com', null, 5, 10, null, null, null);
INSERT INTO user (id, created_at, created_by, is_deleted, modified_at, modified_by, is_enabled, password, user_type, username, employee_id, public_user_info_id, user_level_id, profile_pic_document_group_id, sign_document_group_id, mechanic_id) VALUES (16, '2021-09-05 16:40:59.000000', null, false, '2021-09-05 16:40:59.000000', null, true, '$2a$10$7CC1anAmBJXtcQnjmMsxX.Ip7hA/O3FNCrtgrY6Akr4UyZ/yk.7K.', 1, 'mdmizanurr579@gmail.com', null, 6, 10, null, null, null);
INSERT INTO user (id, created_at, created_by, is_deleted, modified_at, modified_by, is_enabled, password, user_type, username, employee_id, public_user_info_id, user_level_id, profile_pic_document_group_id, sign_document_group_id, mechanic_id) VALUES (17, '2021-09-07 09:05:14.000000', 1, false, '2021-09-07 09:05:14.000000', 1, true, '$2a$10$JFQSGB13iuQ/2tur4yhx.uP1zmzIbB68XOUBo0rhUPPZK9mWK0Teu', 0, 'udo2@gmail.com', 8, null, 11, null, null, null);
INSERT INTO user (id, created_at, created_by, is_deleted, modified_at, modified_by, is_enabled, password, user_type, username, employee_id, public_user_info_id, user_level_id, profile_pic_document_group_id, sign_document_group_id, mechanic_id) VALUES (18, '2021-09-07 09:07:27.000000', 1, false, '2021-09-07 09:07:27.000000', 1, true, '$2a$10$Agh981kT0LfBKjaW2nZ88OFnRQWkImkobXp8TMf/hyQmJdBlYN1Ka', 0, 'mi2@gmail.com', 9, null, 9, null, null, null);
INSERT INTO user (id, created_at, created_by, is_deleted, modified_at, modified_by, is_enabled, password, user_type, username, employee_id, public_user_info_id, user_level_id, profile_pic_document_group_id, sign_document_group_id, mechanic_id) VALUES (19, '2021-09-07 09:08:39.000000', 9, false, '2021-09-07 09:08:39.000000', 9, true, '$2a$10$Ocah.G.mwGFXgd5C4Wn5yeBZ49uQEJo2HK/wjZLBYkCLvnfwRy.hC', 1, 'aslam10@gmail.com', null, 7, 10, null, null, null);
INSERT INTO user (id, created_at, created_by, is_deleted, modified_at, modified_by, is_enabled, password, user_type, username, employee_id, public_user_info_id, user_level_id, profile_pic_document_group_id, sign_document_group_id, mechanic_id) VALUES (20, '2021-09-07 09:08:46.000000', 1, false, '2021-09-07 09:08:46.000000', 1, true, '$2a$10$wWbI.Dh/UNVmx11cf2tmJu0776ztvw0yunZjWY0D/ZBbUv78I5aPK', 0, 'dir2@gmail.com', 10, null, 8, null, null, null);
INSERT INTO user (id, created_at, created_by, is_deleted, modified_at, modified_by, is_enabled, password, user_type, username, employee_id, public_user_info_id, user_level_id, profile_pic_document_group_id, sign_document_group_id, mechanic_id) VALUES (21, '2021-09-07 09:10:06.000000', 1, false, '2021-09-07 09:10:06.000000', 1, true, '$2a$10$ansAFCUWwl3pfIDWhR9zQe/VOeakVJNenQiQsfeLSPsGzQLUzYSru', 0, 'com2@gmail.com', 11, null, 7, null, null, null);
INSERT INTO user (id, created_at, created_by, is_deleted, modified_at, modified_by, is_enabled, password, user_type, username, employee_id, public_user_info_id, user_level_id, profile_pic_document_group_id, sign_document_group_id, mechanic_id) VALUES (22, '2021-09-07 09:11:21.000000', 1, false, '2021-09-07 09:11:21.000000', 1, true, '$2a$10$9b0iePZAHYK/.c2R9OUKoO2X.YVLmUU4bC.TpTCFBQiiJWMixQrb.', 0, 'dd2@gmail.com', 12, null, 6, null, null, null);
INSERT INTO user (id, created_at, created_by, is_deleted, modified_at, modified_by, is_enabled, password, user_type, username, employee_id, public_user_info_id, user_level_id, profile_pic_document_group_id, sign_document_group_id, mechanic_id) VALUES (23, '2021-09-07 09:12:30.000000', 1, false, '2021-09-07 09:12:30.000000', 1, true, '$2a$10$grW70UpUHpH5YKa9ziFrVuRJdpj2tAhZj.i6wU7FpHTtB3xm2iCGm', 0, 'ad2@gmail.com', 13, null, 5, null, null, null);
INSERT INTO user (id, created_at, created_by, is_deleted, modified_at, modified_by, is_enabled, password, user_type, username, employee_id, public_user_info_id, user_level_id, profile_pic_document_group_id, sign_document_group_id, mechanic_id) VALUES (24, '2021-09-07 09:17:28.000000', null, false, '2021-09-07 09:17:28.000000', null, true, '$2a$10$4lmfUyhO8qQ1r0AbwxdYv.hHHvdvU2GLVRIfaua1m19CQBqV.pSFO', 1, 'abbas@gmail.com', null, 8, 10, null, null, null);